TQ8y7omRyKSq42Tri398txQCQE4wxjk97Q,CEX.IO
TNaRAoLUyYEV2uF7GUrzSjRQTU8v5ZJ5VR,Huobi
TNF5wyWSmmAo4GxMd2NXZBtSHw47D2JnU4,Bibox
TSaJqQ1AZ2bEYyqBwBmJqCBSPv8KPRTAdv,ZB.COM
TNXoiAJ3dct8Fjg4M9fkLFh9S2v9TXc32G,Binance-Hot
TBA6CypYJizwA9XdC7Ubgc5F1bxrQ7SqPt,Gate
TCYGCdTkY52bFNDLMMaNqYjwB6ELoLecSj,Dcoin
TYDzsYUEpvnYmQk4zGP9sWWcTEd2MiAtW6,FTX
TWBPGLwQw2EbqYLLw1DJnTDt2ZQ9yJW1JJ,WhiteBIT
TXnbcjm56pwqebQiULRPYh2mopjr2wHNot,BitMart
TRYL7PKCG4b4xRCM554Q5J6o8f1UjUmfnY,Kucoin-Cold
THmkm3Y28sVtxPVUt9iEuUyD91HxEZcZdH,Upbit
TYyiYD6PD38gtsDHh9QYQPDnfZyQ6FSAPR,Bitrue
TMuPWRhYxXvL2PSyiaKhASefaCv5daiRHK,Bitpie1
TZAPUkTmFGPYwbWFpQ8Sf6RMij1Wtp8K1N,XT.COM
TM1zzNDZD2DPASbKcgdVoTYhfmYgtfwx9R,Okex 1
TWd4WrZ9wn84f5x1hZhL4DHvk738ns5jwb,Binance-Cold 2
TGEwJxVErWagXnriZATPMBFFbbeuad9m3h,ProBit Exchange
TNCmcTdyrYKMtmE1KU2itzeCX76jGm5Not,Poloniex
TVbVpVtDrARHtCaNMKwc2xYLJQg8rigjXN,CoinEx
TByxhqkBrdKuW984Yt9wJP3Kmsy57dnirw,Bitbns
TT2YwaJ8DXsrpycgBGDWEei1FUQm6YT85T,LATOKEN
TUN4dKBLbAZjArUS7zYewHwCYA6GSUeSaK,KuCoin
TAUN6FwrnwwmaEqYcckffC7wYmbaS6cBiX,Binance-Hot
TEPSrSYPDSQ7yXpMFPq91Fb1QEWpMkRGfn,MXC
TEWzF5ZsaWMh6sTNDPrYaPJrK8TTMGfwCC,Kucoin
TNAThMcs56BeL5JJayGn5jH6nAkoMWrvE4,Bithumb Global
TTd9qHyjqiUkfTxe3gotbuTMpjU8LEbpkN,Kraken
TUpHuDkiCCmwaTZBHZvQdwWzGNm5t8J2b9,Kucoin
TXphYHMUvT2ptHt8QtQb5i9T9DWUtfBWha,BiONE
THyNKgEdAKHia1XgA2nwnbL1FhABTqY1f3,AAX
TV6MuMXfmLbBqPZvBHdwFsDnQeVfnmiuSi,Binance-Hot
